{
  "auth" : {
    "transaction" : "auth",
    "sampleCount" : 900,
    "errorCount" : 0,
    "errorPct" : 0.0,
    "meanResTime" : 13380.178888888893,
    "medianResTime" : 11344.5,
    "minResTime" : 1349.0,
    "maxResTime" : 84900.0,
    "pct1ResTime" : 23237.6,
    "pct2ResTime" : 39611.299999999996,
    "pct3ResTime" : 47165.82,
    "throughput" : 10.590228748940977,
    "receivedKBytesPerSec" : 8.038967261484515,
    "sentKBytesPerSec" : 2.595847085922056
  },
  "PartialUpdateBooking" : {
    "transaction" : "PartialUpdateBooking",
    "sampleCount" : 900,
    "errorCount" : 0,
    "errorPct" : 0.0,
    "meanResTime" : 599.3544444444435,
    "medianResTime" : 376.0,
    "minResTime" : 262.0,
    "maxResTime" : 8037.0,
    "pct1ResTime" : 1303.4999999999995,
    "pct2ResTime" : 1744.349999999995,
    "pct3ResTime" : 3702.5800000000013,
    "throughput" : 10.918222513374822,
    "receivedKBytesPerSec" : 9.82422040858415,
    "sentKBytesPerSec" : 3.838437602358336
  },
  "Total" : {
    "transaction" : "Total",
    "sampleCount" : 5400,
    "errorCount" : 0,
    "errorPct" : 0.0,
    "meanResTime" : 2794.1853703703728,
    "medianResTime" : 380.0,
    "minResTime" : 262.0,
    "maxResTime" : 84900.0,
    "pct1ResTime" : 8976.300000000025,
    "pct2ResTime" : 14639.149999999998,
    "pct3ResTime" : 28264.51999999999,
    "throughput" : 61.31625562065676,
    "receivedKBytesPerSec" : 52.3134910665622,
    "sentKBytesPerSec" : 20.309013702479902
  },
  "GetBooking" : {
    "transaction" : "GetBooking",
    "sampleCount" : 900,
    "errorCount" : 0,
    "errorPct" : 0.0,
    "meanResTime" : 758.0233333333332,
    "medianResTime" : 377.0,
    "minResTime" : 266.0,
    "maxResTime" : 17293.0,
    "pct1ResTime" : 1374.8,
    "pct2ResTime" : 2161.5999999999995,
    "pct3ResTime" : 8101.560000000028,
    "throughput" : 10.898786601758339,
    "receivedKBytesPerSec" : 9.783127391678171,
    "sentKBytesPerSec" : 2.139312604446705
  },
  "DeleteBooking" : {
    "transaction" : "DeleteBooking",
    "sampleCount" : 900,
    "errorCount" : 0,
    "errorPct" : 0.0,
    "meanResTime" : 563.3877777777791,
    "medianResTime" : 374.0,
    "minResTime" : 265.0,
    "maxResTime" : 14642.0,
    "pct1ResTime" : 1189.7999999999995,
    "pct2ResTime" : 1418.3999999999992,
    "pct3ResTime" : 3823.5000000000023,
    "throughput" : 10.927369417935456,
    "receivedKBytesPerSec" : 8.050160799276366,
    "sentKBytesPerSec" : 2.710499836089459
  },
  "CreateBooking" : {
    "transaction" : "CreateBooking",
    "sampleCount" : 900,
    "errorCount" : 0,
    "errorPct" : 0.0,
    "meanResTime" : 805.7322222222223,
    "medianResTime" : 377.0,
    "minResTime" : 262.0,
    "maxResTime" : 30365.0,
    "pct1ResTime" : 1439.6999999999998,
    "pct2ResTime" : 2390.049999999999,
    "pct3ResTime" : 5026.950000000002,
    "throughput" : 10.887974836680378,
    "receivedKBytesPerSec" : 10.082623850713768,
    "sentKBytesPerSec" : 4.954879173723688
  },
  "UpdateBooking" : {
    "transaction" : "UpdateBooking",
    "sampleCount" : 900,
    "errorCount" : 0,
    "errorPct" : 0.0,
    "meanResTime" : 658.4355555555558,
    "medianResTime" : 378.0,
    "minResTime" : 265.0,
    "maxResTime" : 13405.0,
    "pct1ResTime" : 1328.8,
    "pct2ResTime" : 1962.9499999999998,
    "pct3ResTime" : 5034.070000000013,
    "throughput" : 10.907504363001745,
    "receivedKBytesPerSec" : 9.814481529959279,
    "sentKBytesPerSec" : 5.3578854439354275
  }
}