{
  "auth" : {
    "transaction" : "auth",
    "sampleCount" : 1500,
    "errorCount" : 0,
    "errorPct" : 0.0,
    "meanResTime" : 22030.711333333285,
    "medianResTime" : 20857.0,
    "minResTime" : 1515.0,
    "maxResTime" : 164344.0,
    "pct1ResTime" : 40558.700000000004,
    "pct2ResTime" : 43335.850000000006,
    "pct3ResTime" : 69300.34,
    "throughput" : 8.920606601248885,
    "receivedKBytesPerSec" : 6.767743644067797,
    "sentKBytesPerSec" : 2.1865940008920606
  },
  "PartialUpdateBooking" : {
    "transaction" : "PartialUpdateBooking",
    "sampleCount" : 1500,
    "errorCount" : 0,
    "errorPct" : 0.0,
    "meanResTime" : 668.2820000000002,
    "medianResTime" : 373.0,
    "minResTime" : 264.0,
    "maxResTime" : 30243.0,
    "pct1ResTime" : 1267.8000000000002,
    "pct2ResTime" : 1632.95,
    "pct3ResTime" : 4032.060000000001,
    "throughput" : 9.128418592762989,
    "receivedKBytesPerSec" : 8.205925332578717,
    "sentKBytesPerSec" : 3.2092096615182384
  },
  "Total" : {
    "transaction" : "Total",
    "sampleCount" : 9000,
    "errorCount" : 0,
    "errorPct" : 0.0,
    "meanResTime" : 4321.412444444464,
    "medianResTime" : 378.0,
    "minResTime" : 259.0,
    "maxResTime" : 164344.0,
    "pct1ResTime" : 16958.500000000015,
    "pct2ResTime" : 26749.399999999987,
    "pct3ResTime" : 42664.18999999998,
    "throughput" : 52.753127088144616,
    "receivedKBytesPerSec" : 44.975017364571,
    "sentKBytesPerSec" : 17.47275612375884
  },
  "GetBooking" : {
    "transaction" : "GetBooking",
    "sampleCount" : 1500,
    "errorCount" : 0,
    "errorPct" : 0.0,
    "meanResTime" : 872.1600000000021,
    "medianResTime" : 374.0,
    "minResTime" : 262.0,
    "maxResTime" : 31131.0,
    "pct1ResTime" : 1513.9,
    "pct2ResTime" : 2420.6000000000004,
    "pct3ResTime" : 10917.080000000022,
    "throughput" : 9.071446714321999,
    "receivedKBytesPerSec" : 8.138575986973402,
    "sentKBytesPerSec" : 1.7806257710729705
  },
  "DeleteBooking" : {
    "transaction" : "DeleteBooking",
    "sampleCount" : 1500,
    "errorCount" : 0,
    "errorPct" : 0.0,
    "meanResTime" : 580.2933333333343,
    "medianResTime" : 371.0,
    "minResTime" : 264.0,
    "maxResTime" : 15045.0,
    "pct1ResTime" : 1155.9,
    "pct2ResTime" : 1541.95,
    "pct3ResTime" : 3689.6500000000005,
    "throughput" : 9.172909341079345,
    "receivedKBytesPerSec" : 6.7498757835193395,
    "sentKBytesPerSec" : 2.275311496713041
  },
  "CreateBooking" : {
    "transaction" : "CreateBooking",
    "sampleCount" : 1500,
    "errorCount" : 0,
    "errorPct" : 0.0,
    "meanResTime" : 1077.3133333333303,
    "medianResTime" : 375.0,
    "minResTime" : 259.0,
    "maxResTime" : 49346.0,
    "pct1ResTime" : 1717.1000000000008,
    "pct2ResTime" : 3008.9500000000007,
    "pct3ResTime" : 15450.770000000008,
    "throughput" : 9.068046621850364,
    "receivedKBytesPerSec" : 8.393445351417034,
    "sentKBytesPerSec" : 4.126669654084249
  },
  "UpdateBooking" : {
    "transaction" : "UpdateBooking",
    "sampleCount" : 1500,
    "errorCount" : 0,
    "errorPct" : 0.0,
    "meanResTime" : 699.7146666666681,
    "medianResTime" : 375.0,
    "minResTime" : 265.0,
    "maxResTime" : 30206.0,
    "pct1ResTime" : 1350.5000000000005,
    "pct2ResTime" : 1904.5500000000004,
    "pct3ResTime" : 4909.000000000002,
    "throughput" : 9.124365096262052,
    "receivedKBytesPerSec" : 8.203825960339426,
    "sentKBytesPerSec" : 4.48198793302716
  }
}