{
  "auth" : {
    "transaction" : "auth",
    "sampleCount" : 1000,
    "errorCount" : 0,
    "errorPct" : 0.0,
    "meanResTime" : 13335.162000000004,
    "medianResTime" : 11641.5,
    "minResTime" : 1387.0,
    "maxResTime" : 57001.0,
    "pct1ResTime" : 23232.1,
    "pct2ResTime" : 28153.799999999967,
    "pct3ResTime" : 40525.72,
    "throughput" : 16.469309441855103,
    "receivedKBytesPerSec" : 12.494029875327326,
    "sentKBytesPerSec" : 4.036910810454717
  },
  "PartialUpdateBooking" : {
    "transaction" : "PartialUpdateBooking",
    "sampleCount" : 1000,
    "errorCount" : 0,
    "errorPct" : 0.0,
    "meanResTime" : 672.9060000000005,
    "medianResTime" : 368.0,
    "minResTime" : 263.0,
    "maxResTime" : 25607.0,
    "pct1ResTime" : 1210.9,
    "pct2ResTime" : 1557.5499999999993,
    "pct3ResTime" : 6936.630000000002,
    "throughput" : 16.989177893681724,
    "receivedKBytesPerSec" : 15.283358250794246,
    "sentKBytesPerSec" : 5.972757853247481
  },
  "Total" : {
    "transaction" : "Total",
    "sampleCount" : 6000,
    "errorCount" : 0,
    "errorPct" : 0.0,
    "meanResTime" : 2776.7878333333324,
    "medianResTime" : 372.5,
    "minResTime" : 263.0,
    "maxResTime" : 57001.0,
    "pct1ResTime" : 9388.600000000002,
    "pct2ResTime" : 17159.349999999995,
    "pct3ResTime" : 26869.98,
    "throughput" : 94.7792433457073,
    "receivedKBytesPerSec" : 80.84502853250139,
    "sentKBytesPerSec" : 31.39253909643788
  },
  "GetBooking" : {
    "transaction" : "GetBooking",
    "sampleCount" : 1000,
    "errorCount" : 0,
    "errorPct" : 0.0,
    "meanResTime" : 646.5750000000003,
    "medianResTime" : 369.0,
    "minResTime" : 264.0,
    "maxResTime" : 15329.0,
    "pct1ResTime" : 1326.9,
    "pct2ResTime" : 1662.5999999999967,
    "pct3ResTime" : 5372.820000000007,
    "throughput" : 17.090511348099536,
    "receivedKBytesPerSec" : 15.34020265073831,
    "sentKBytesPerSec" : 3.354680450164069
  },
  "DeleteBooking" : {
    "transaction" : "DeleteBooking",
    "sampleCount" : 1000,
    "errorCount" : 0,
    "errorPct" : 0.0,
    "meanResTime" : 555.6350000000004,
    "medianResTime" : 365.0,
    "minResTime" : 267.0,
    "maxResTime" : 13183.0,
    "pct1ResTime" : 1138.8999999999996,
    "pct2ResTime" : 1357.5999999999995,
    "pct3ResTime" : 3589.2000000000025,
    "throughput" : 17.098986030128415,
    "receivedKBytesPerSec" : 12.596208513585145,
    "sentKBytesPerSec" : 4.241350050442009
  },
  "CreateBooking" : {
    "transaction" : "CreateBooking",
    "sampleCount" : 1000,
    "errorCount" : 0,
    "errorPct" : 0.0,
    "meanResTime" : 787.812,
    "medianResTime" : 370.0,
    "minResTime" : 263.0,
    "maxResTime" : 17161.0,
    "pct1ResTime" : 1429.9,
    "pct2ResTime" : 2339.4499999999994,
    "pct3ResTime" : 8502.030000000002,
    "throughput" : 17.177113214353195,
    "receivedKBytesPerSec" : 15.904060991634747,
    "sentKBytesPerSec" : 7.816928474500576
  },
  "UpdateBooking" : {
    "transaction" : "UpdateBooking",
    "sampleCount" : 1000,
    "errorCount" : 0,
    "errorPct" : 0.0,
    "meanResTime" : 662.6369999999995,
    "medianResTime" : 369.0,
    "minResTime" : 269.0,
    "maxResTime" : 30277.0,
    "pct1ResTime" : 1266.9,
    "pct2ResTime" : 1550.7999999999997,
    "pct3ResTime" : 5300.100000000006,
    "throughput" : 17.04012950498424,
    "receivedKBytesPerSec" : 15.32826211979211,
    "sentKBytesPerSec" : 8.370297989264719
  }
}